"genus","taxon","year"
"Lupinus","Lupinus albus",1753
"Lupinus","Lupinus angustifolius",1753
"Lupinus","Lupinus luteus",1753
"Astragalus","Astragalus chinensis",1762
"Astragalus","Astragalus norvegicus",1784
"Crotalaria","Crotalaria axillaris",1789
"Lupinus","Lupinus sarmentosus",1792
"Astragalus","Astragalus cephalotes",1794
"Astragalus","Astragalus guttatus",1794
"Astragalus","Astragalus suberosus",1794
"Astragalus","Astragalus megalanthus",1802
"Astragalus","Astragalus baionensis",1807
"Astragalus","Astragalus pallasii",1807
"Astragalus","Astragalus verus",1807
"Astragalus","Astragalus aduncus",1808
"Astragalus","Astragalus oxyglottis",1808
"Astragalus","Astragalus siculus",1810
"Astragalus","Astragalus denudatus",1813
"Astragalus","Astragalus tribuloides",1813
"Acacia","Acacia lunata",1820
"Acacia","Acacia mucronata",1820
"Lupinus","Lupinus microcarpus",1823
"Acacia","Acacia anceps",1825
"Acacia","Acacia coriacea",1825
"Astragalus","Astragalus helmii",1825
"Lupinus","Lupinus chamissonis",1826
"Astragalus","Astragalus hypogaeus",1829
"Lupinus","Lupinus albescens",1830
"Astragalus","Astragalus podocarpus",1831
"Oxytropis","Oxytropis uralensis",1831
"Oxytropis","Oxytropis uralensis",1831
"Astragalus","Astragalus ammophilus",1832
"Astragalus","Astragalus graveolens",1835
"Astragalus","Astragalus multiceps",1835
"Astragalus","Astragalus rhizanthus",1835
"Astragalus","Astragalus strictus",1835
"Astragalus","Astragalus trichocarpus",1835
"Astragalus","Astragalus webbianus",1835
"Lupinus","Lupinus albifrons",1835
"Mimosa","Mimosa kermesina",1835
"Oxytropis","Oxytropis ampullata",1835
"Oxytropis","Oxytropis chiliophylla",1835
"Oxytropis","Oxytropis halleri",1835
"Indigofera","Indigofera torulosa",1836
"Acacia","Acacia neurocarpa",1837
"Acacia","Acacia drummondii",1839
"Acacia","Acacia oncinophylla",1839
"Mimosa","Mimosa falcipinna",1841
"Acacia","Acacia arida",1842
"Acacia","Acacia baxteri",1842
"Acacia","Acacia ericifolia",1842
"Acacia","Acacia omalophylla",1842
"Acacia","Acacia stenophylla",1842
"Acacia","Acacia wickhamii",1842
"Acacia","Acacia meisneri",1844
"Acacia","Acacia retinodes",1847
"Astragalus","Astragalus ammodendron",1847
"Oxytropis","Oxytropis middendorffii",1847
"Acacia","Acacia argyrophylla",1848
"Acacia","Acacia gilbertii",1848
"Crotalaria","Crotalaria cunninghamii",1848
"Astragalus","Astragalus cyaneus",1849
"Astragalus","Astragalus parnassi",1849
"Astragalus","Astragalus chaetodon",1852
"Astragalus","Astragalus farctus",1852
"Astragalus","Astragalus sphaerocystis",1852
"Acacia","Acacia aneura",1855
"Acacia","Acacia brachyphylla",1855
"Acacia","Acacia cedroides",1855
"Acacia","Acacia crispula",1855
"Acacia","Acacia dilatata",1855
"Acacia","Acacia lineolata",1855
"Acacia","Acacia pravissima",1855
"Astragalus","Astragalus bracteosus",1856
"Astragalus","Astragalus cretaceus",1856
"Lupinus","Lupinus sparsiflorus",1857
"Acacia","Acacia microcarpa",1858
"Acacia","Acacia sericophylla",1859
"Astragalus","Astragalus chtonocephalus",1859
"Indigofera","Indigofera cryptantha",1862
"Acacia","Acacia pachycarpa",1864
"Acacia","Acacia tumida",1864
"Lupinus","Lupinus burkei",1873
"Lupinus","Lupinus burkei",1873
"Mimosa","Mimosa nossibiensis",1875
"Astragalus","Astragalus ictericus",1881
"Mimosa","Mimosa diversifolia",1883
"Mimosa","Mimosa diversipila",1883
"Astragalus","Astragalus chamaephaca",1890
"Acacia","Acacia howittii",1893
"Astragalus","Astragalus neglectus",1893
"Oxytropis","Oxytropis foucaudii",1894
"Acacia","Acacia cuthbertsonii",1897
"Acacia","Acacia cambagei",1901
"Astragalus","Astragalus arnoldi",1902
"Astragalus","Astragalus fissuralis",1902
"Acacia","Acacia resinimarginea",1904
"Acacia","Acacia resinistipulea",1904
"Indigofera","Indigofera rautanenii",1904
"Indigofera","Indigofera rehmannii",1904
"Acacia","Acacia kochii",1911
"Acacia","Acacia eremophila",1912
"Crotalaria","Crotalaria shanica",1914
"Oxytropis","Oxytropis litoralis",1914
"Astragalus","Astragalus andrasovszkyi",1915
"Astragalus","Astragalus souliei",1915
"Acacia","Acacia boormanii",1916
"Acacia","Acacia drewiana",1917
"Acacia","Acacia kimberleyensis",1917
"Acacia","Acacia bancroftiorum",1918
"Acacia","Acacia rhodoxylon",1919
"Acacia","Acacia havilandiorum",1920
"Acacia","Acacia helmsiana",1920
"Oxytropis","Oxytropis irbis",1921
"Acacia","Acacia abrupta",1927
"Acacia","Acacia acellerata",1927
"Acacia","Acacia angusta",1927
"Acacia","Acacia attenuata",1927
"Acacia","Acacia chrysella",1927
"Acacia","Acacia chrysopoda",1927
"Acacia","Acacia deflexa",1927
"Acacia","Acacia desertorum",1927
"Acacia","Acacia enervia",1927
"Acacia","Acacia eriopoda",1927
"Acacia","Acacia excentrica",1927
"Acacia","Acacia forsythii",1927
"Acacia","Acacia fragilis",1927
"Acacia","Acacia gardneri",1927
"Acacia","Acacia glaucocarpa",1927
"Acacia","Acacia glutinosissima",1927
"Acacia","Acacia jucunda",1927
"Acacia","Acacia kingiana",1927
"Acacia","Acacia lentiginea",1927
"Acacia","Acacia pulviniformis",1927
"Acacia","Acacia pustula",1927
"Acacia","Acacia semilunata",1927
"Acacia","Acacia semirigida",1927
"Astragalus","Astragalus flexuosus",1928
"Acacia","Acacia phlebophylla",1930
"Astragalus","Astragalus aksaicus",1932
"Astragalus","Astragalus kaufmannii",1932
"Astragalus","Astragalus majevskianus",1932
"Astragalus","Astragalus politovii",1932
"Oxytropis","Oxytropis alpestris",1932
"Oxytropis","Oxytropis sumneviczii",1932
"Oxytropis","Oxytropis anertii",1935
"Astragalus","Astragalus alexeenkoanus",1936
"Astragalus","Astragalus chodshenticus",1936
"Astragalus","Astragalus cystocarpus",1936
"Astragalus","Astragalus dissectus",1936
"Astragalus","Astragalus heterodontus",1936
"Astragalus","Astragalus longistipitatus",1936
"Astragalus","Astragalus oldenburgii",1936
"Astragalus","Astragalus subscaposus",1936
"Astragalus","Astragalus wachschi",1936
"Oxytropis","Oxytropis astragaloides",1936
"Oxytropis","Oxytropis gorbunovii",1936
"Oxytropis","Oxytropis puberula",1936
"Astragalus","Astragalus alexeenkoi",1937
"Astragalus","Astragalus antoninae",1937
"Astragalus","Astragalus apiculatus",1937
"Astragalus","Astragalus bischkendicus",1937
"Astragalus","Astragalus discessiflorus",1937
"Astragalus","Astragalus dsharfi",1937
"Astragalus","Astragalus harpocarpus",1937
"Astragalus","Astragalus insignis",1937
"Astragalus","Astragalus karategini",1937
"Astragalus","Astragalus kudrjaschovii",1937
"Astragalus","Astragalus linczevskii",1937
"Astragalus","Astragalus nigrocalyx",1937
"Astragalus","Astragalus ochranthus",1937
"Astragalus","Astragalus ovczinnikovii",1937
"Astragalus","Astragalus oxypterus",1937
"Astragalus","Astragalus pseudoamygdalinus",1937
"Astragalus","Astragalus pseudoeremophysa",1937
"Astragalus","Astragalus roschanicus",1937
"Astragalus","Astragalus rumpens",1937
"Astragalus","Astragalus trachycarpus",1937
"Astragalus","Astragalus varzobicus",1937
"Astragalus","Astragalus zaprjagaevii",1937
"Oxytropis","Oxytropis iskanderica",1937
"Oxytropis","Oxytropis michelsonii",1937
"Astragalus","Astragalus barnassari",1940
"Astragalus","Astragalus montis-aquillae",1940
"Astragalus","Astragalus aktauensis",1941
"Astragalus","Astragalus auratus",1941
"Astragalus","Astragalus aznabjurticus",1941
"Astragalus","Astragalus cartilagineus",1941
"Astragalus","Astragalus pseudanthylloides",1941
"Astragalus","Astragalus pseudorhacodes",1941
"Astragalus","Astragalus pseudoutriger",1941
"Astragalus","Astragalus rubellus",1941
"Astragalus","Astragalus saralensis",1941
"Astragalus","Astragalus terrae-rubrae",1941
"Oxytropis","Oxytropis lasiocarpa",1941
"Oxytropis","Oxytropis scabrida",1941
"Oxytropis","Oxytropis subcapitata",1941
"Oxytropis","Oxytropis talassica",1941
"Oxytropis","Oxytropis tyttantha",1941
"Acacia","Acacia daviesioides",1942
"Astragalus","Astragalus trifoliolatus",1942
"Astragalus","Astragalus ucrainicus",1946
"Astragalus","Astragalus ucrainicus",1946
"Astragalus","Astragalus ciceroides",1948
"Astragalus","Astragalus flexicaulis",1948
"Astragalus","Astragalus mirus",1948
"Astragalus","Astragalus aksaricus",1949
"Astragalus","Astragalus trifoliolatus",1949
"Astragalus","Astragalus caudicosus",1954
"Oxytropis","Oxytropis chakassiensis",1956
"Acacia","Acacia nanodealbata",1957
"Acacia","Acacia mountfordiae",1958
"Astragalus","Astragalus distinctissimus",1958
"Astragalus","Astragalus sobolevskiae",1963
"Acacia","Acacia helicophylla",1974
"Acacia","Acacia redolens",1974
"Astragalus","Astragalus bosbutooensis",1974
"Acacia","Acacia empelioclada",1975
"Astragalus","Astragalus pamirensis",1976
"Crotalaria","Crotalaria chrysantha",1976
"Acacia","Acacia macdonnelliensis",1978
"Acacia","Acacia robiniae",1978
"Oxytropis","Oxytropis babatagi",1978
"Oxytropis","Oxytropis coelestis",1978
"Oxytropis","Oxytropis kukkonenii",1978
"Oxytropis","Oxytropis kuramensis",1978
"Oxytropis","Oxytropis margacea",1978
"Oxytropis","Oxytropis staintonii",1978
"Acacia","Acacia holotricha",1979
"Astragalus","Astragalus atraphaxifolius",1979
"Astragalus","Astragalus junussovii",1979
"Astragalus","Astragalus longisepalus",1979
"Astragalus","Astragalus sarygorensis",1979
"Astragalus","Astragalus austrodarvasicus",1980
"Astragalus","Astragalus bogensis",1980
"Astragalus","Astragalus bor-bulakensis",1980
"Astragalus","Astragalus chilienshanensis",1980
"Astragalus","Astragalus datuensis",1980
"Astragalus","Astragalus degilmonus",1980
"Astragalus","Astragalus gardanikaphtharicus",1980
"Astragalus","Astragalus golmunensis",1980
"Astragalus","Astragalus huiningensis",1980
"Astragalus","Astragalus koikitaensis",1980
"Astragalus","Astragalus latiunguiculatus",1980
"Astragalus","Astragalus porphyrocalyx",1980
"Astragalus","Astragalus pseudoversicolor",1980
"Astragalus","Astragalus ramitensis",1980
"Astragalus","Astragalus sedaensis",1980
"Astragalus","Astragalus subspongocarpus",1980
"Astragalus","Astragalus taipaishanensis",1980
"Astragalus","Astragalus touranicus",1980
"Astragalus","Astragalus zarokoensis",1980
"Crotalaria","Crotalaria aidiostipulata",1980
"Oxytropis","Oxytropis czukotica",1980
"Acacia","Acacia handonis",1981
"Acacia","Acacia tephrina",1981
"Astragalus","Astragalus austroferganicus",1981
"Astragalus","Astragalus basilii",1981
"Astragalus","Astragalus changduensis",1981
"Astragalus","Astragalus chodshamastonicus",1981
"Astragalus","Astragalus czilduchtaroni",1981
"Astragalus","Astragalus kopalensis",1981
"Astragalus","Astragalus korotkovae",1981
"Astragalus","Astragalus krascheninnikovii",1981
"Astragalus","Astragalus lavrenkoi",1981
"Astragalus","Astragalus lentilobus",1981
"Astragalus","Astragalus merkensis",1981
"Astragalus","Astragalus minudentatus",1981
"Astragalus","Astragalus mironovii",1981
"Astragalus","Astragalus nakaianus",1981
"Astragalus","Astragalus omissus",1981
"Astragalus","Astragalus pseudobabatagi",1981
"Astragalus","Astragalus pseudotetrastichus",1981
"Astragalus","Astragalus rubrifolius",1981
"Astragalus","Astragalus taipaishanensis",1981
"Astragalus","Astragalus unilocularis",1981
"Astragalus","Astragalus vallicoides",1981
"Astragalus","Astragalus weixinensis",1981
"Crotalaria","Crotalaria annamensis",1981
"Crotalaria","Crotalaria cambodiensis",1981
"Crotalaria","Crotalaria ubonensis",1981
"Oxytropis","Oxytropis chinglingensis",1981
"Oxytropis","Oxytropis neimonggolica",1981
"Oxytropis","Oxytropis sitaipaiensis",1981
"Acacia","Acacia arrecta",1982
"Acacia","Acacia atkinsiana",1982
"Acacia","Acacia botrydion",1982
"Acacia","Acacia cuspidifolia",1982
"Acacia","Acacia daweana",1982
"Acacia","Acacia effusa",1982
"Acacia","Acacia hamersleyensis",1982
"Acacia","Acacia kerryana",1982
"Acacia","Acacia marramamba",1982
"Acacia","Acacia pharangites",1982
"Acacia","Acacia warramaba",1982
"Astragalus","Astragalus altanii",1982
"Astragalus","Astragalus euchlorus",1982
"Astragalus","Astragalus habamontis",1982
"Astragalus","Astragalus igoschinae",1982
"Astragalus","Astragalus macrouroides",1982
"Astragalus","Astragalus nanjiangianus",1982
"Astragalus","Astragalus taygeteus",1982
"Crotalaria","Crotalaria alticola",1982
"Crotalaria","Crotalaria arcuata",1982
"Crotalaria","Crotalaria awasensis",1982
"Crotalaria","Crotalaria blanda",1982
"Crotalaria","Crotalaria boudetii",1982
"Crotalaria","Crotalaria calliantha",1982
"Crotalaria","Crotalaria campestris",1982
"Crotalaria","Crotalaria chamaepeuce",1982
"Crotalaria","Crotalaria chondrocarpa",1982
"Crotalaria","Crotalaria collina",1982
"Crotalaria","Crotalaria confertiflora",1982
"Crotalaria","Crotalaria congesta",1982
"Crotalaria","Crotalaria crebra",1982
"Crotalaria","Crotalaria criniramea",1982
"Crotalaria","Crotalaria debilis",1982
"Crotalaria","Crotalaria dedzana",1982
"Crotalaria","Crotalaria depressa",1982
"Crotalaria","Crotalaria dilatata",1982
"Crotalaria","Crotalaria egregia",1982
"Crotalaria","Crotalaria eurycalyx",1982
"Crotalaria","Crotalaria exilis",1982
"Crotalaria","Crotalaria gillettii",1982
"Crotalaria","Crotalaria heterotricha",1982
"Crotalaria","Crotalaria horrida",1982
"Crotalaria","Crotalaria incrassifolia",1982
"Crotalaria","Crotalaria inflexa",1982
"Crotalaria","Crotalaria insignis",1982
"Crotalaria","Crotalaria intonsa",1982
"Crotalaria","Crotalaria inyangensis",1982
"Crotalaria","Crotalaria jianfengensis",1982
"Crotalaria","Crotalaria jijigensis",1982
"Crotalaria","Crotalaria limosa",1982
"Crotalaria","Crotalaria lisowskii",1982
"Crotalaria","Crotalaria longiclavata",1982
"Crotalaria","Crotalaria malaissei",1982
"Crotalaria","Crotalaria manganifera",1982
"Crotalaria","Crotalaria mentiens",1982
"Crotalaria","Crotalaria misella",1982
"Crotalaria","Crotalaria mocubensis",1982
"Crotalaria","Crotalaria modesta",1982
"Crotalaria","Crotalaria mollii",1982
"Crotalaria","Crotalaria nuda",1982
"Crotalaria","Crotalaria nudiflora",1982
"Crotalaria","Crotalaria oligosperma",1982
"Crotalaria","Crotalaria onusta",1982
"Crotalaria","Crotalaria paraspartea",1982
"Crotalaria","Crotalaria peltieri",1982
"Crotalaria","Crotalaria perbracteolata",1982
"Crotalaria","Crotalaria peregrina",1982
"Crotalaria","Crotalaria pleiophylla",1982
"Crotalaria","Crotalaria polhillii",1982
"Crotalaria","Crotalaria polytricha",1982
"Crotalaria","Crotalaria praetexta",1982
"Crotalaria","Crotalaria pudica",1982
"Crotalaria","Crotalaria pygmaea",1982
"Crotalaria","Crotalaria riparia",1982
"Crotalaria","Crotalaria simoma",1982
"Crotalaria","Crotalaria subcalvata",1982
"Crotalaria","Crotalaria torrei",1982
"Crotalaria","Crotalaria trinervia",1982
"Crotalaria","Crotalaria tristis",1982
"Crotalaria","Crotalaria vagans",1982
"Indigofera","Indigofera banii",1982
"Indigofera","Indigofera boranica",1982
"Indigofera","Indigofera eremophila",1982
"Indigofera","Indigofera mooneyi",1982
"Indigofera","Indigofera superba",1982
"Oxytropis","Oxytropis ervicarpa",1982
"Oxytropis","Oxytropis holanshanensis",1982
"Oxytropis","Oxytropis pseudorosea",1982
"Oxytropis","Oxytropis sacciformis",1982
"Oxytropis","Oxytropis vvedenskyi",1982
"Acacia","Acacia anastema",1983
"Acacia","Acacia chrysochaeta",1983
"Acacia","Acacia distans",1983
"Acacia","Acacia drepanophylla",1983
"Acacia","Acacia filamentosa",1983
"Acacia","Acacia galeata",1983
"Acacia","Acacia intorta",1983
"Acacia","Acacia jasperensis",1983
"Acacia","Acacia richardsii",1983
"Acacia","Acacia sibilans",1983
"Acacia","Acacia tenuispica",1983
"Astragalus","Astragalus cupulicalycinus",1983
"Astragalus","Astragalus gracilidentatus",1983
"Astragalus","Astragalus hamiensis",1983
"Astragalus","Astragalus hebecarpus",1983
"Astragalus","Astragalus jiuquanensis",1983
"Astragalus","Astragalus kavirensis",1983
"Astragalus","Astragalus parvicarinatus",1983
"Astragalus","Astragalus pseudoborodinii",1983
"Astragalus","Astragalus taiyuanensis",1983
"Astragalus","Astragalus tekesensis",1983
"Astragalus","Astragalus toksunensis",1983
"Astragalus","Astragalus wenquanensis",1983
"Indigofera","Indigofera acutipetala",1983
"Indigofera","Indigofera densifructa",1983
"Indigofera","Indigofera jikongensis",1983
"Indigofera","Indigofera jindongensis",1983
"Indigofera","Indigofera muliensis",1983
"Indigofera","Indigofera penduloides",1983
"Indigofera","Indigofera tirunelvelica",1983
"Oxytropis","Oxytropis schachimardanica",1983
"Astragalus","Astragalus ochotensis",1984
"Indigofera","Indigofera emmae",1984
"Indigofera","Indigofera kerrii",1984
"Indigofera","Indigofera luzonensis",1984
"Indigofera","Indigofera sesquipedalis",1984
"Indigofera","Indigofera thothathrii",1984
"Oxytropis","Oxytropis admiranda",1984
"Oxytropis","Oxytropis asterocarpa",1984
"Oxytropis","Oxytropis bicornis",1984
"Oxytropis","Oxytropis binaludensis",1984
"Oxytropis","Oxytropis charkeviczii",1984
"Oxytropis","Oxytropis cinerea",1984
"Oxytropis","Oxytropis danorum",1984
"Oxytropis","Oxytropis fuscescens",1984
"Oxytropis","Oxytropis ishkashimorum",1984
"Oxytropis","Oxytropis liliputa",1984
"Oxytropis","Oxytropis neorechingeriana",1984
"Oxytropis","Oxytropis oreophila",1984
"Oxytropis","Oxytropis oreophila",1984
"Oxytropis","Oxytropis oroboides",1984
"Oxytropis","Oxytropis sojakii",1984
"Astragalus","Astragalus anachoreticus",1985
"Astragalus","Astragalus fursei",1985
"Astragalus","Astragalus gemellus",1985
"Astragalus","Astragalus glabellus",1985
"Astragalus","Astragalus mundulus",1985
"Astragalus","Astragalus thaumasios",1985
"Indigofera","Indigofera maymyoensis",1985
"Indigofera","Indigofera santapaui",1985
"Oxytropis","Oxytropis ganningensis",1985
"Oxytropis","Oxytropis gerzeensis",1985
"Oxytropis","Oxytropis junatovii",1985
"Oxytropis","Oxytropis subpodoloba",1985
"Oxytropis","Oxytropis susumanica",1985
"Oxytropis","Oxytropis ulzijchutagii",1985
"Acacia","Acacia eremophiloides",1986
"Acacia","Acacia maconochieana",1986
"Astragalus","Astragalus renzianus",1986
"Astragalus","Astragalus tokachiensis",1986
"Astragalus","Astragalus tolmaczevii",1986
"Indigofera","Indigofera pseudoevansii",1986
"Indigofera","Indigofera tenuipes",1986
"Oxytropis","Oxytropis beringensis",1986
"Oxytropis","Oxytropis inopinata",1986
"Oxytropis","Oxytropis kateninii",1986
"Oxytropis","Oxytropis tichomirovii",1986
"Oxytropis","Oxytropis uschakovii",1986
"Oxytropis","Oxytropis vassilievii",1986
"Oxytropis","Oxytropis vasskovskyi",1986
"Acacia","Acacia alcockii",1987
"Acacia","Acacia cretacea",1987
"Acacia","Acacia halliana",1987
"Astragalus","Astragalus aharicus",1987
"Astragalus","Astragalus assadii",1987
"Astragalus","Astragalus collenetteae",1987
"Astragalus","Astragalus controversus",1987
"Astragalus","Astragalus eliasianus",1987
"Astragalus","Astragalus esferayenicus",1987
"Astragalus","Astragalus evanensis",1987
"Astragalus","Astragalus gagnieui",1987
"Astragalus","Astragalus gifanicus",1987
"Astragalus","Astragalus gubanovii",1987
"Astragalus","Astragalus habaheensis",1987
"Astragalus","Astragalus hartvigii",1987
"Astragalus","Astragalus imbecillus",1987
"Astragalus","Astragalus indistinctus",1987
"Astragalus","Astragalus kashmarensis",1987
"Astragalus","Astragalus lamalaensis",1987
"Astragalus","Astragalus maireanus",1987
"Astragalus","Astragalus mozaffarianii",1987
"Astragalus","Astragalus nanfengensis",1987
"Astragalus","Astragalus neopodlechii",1987
"Astragalus","Astragalus nurabadensis",1987
"Astragalus","Astragalus piranshahricus",1987
"Astragalus","Astragalus pseudoibicinus",1987
"Astragalus","Astragalus pseudojohannis",1987
"Astragalus","Astragalus pseudozagrosicus",1987
"Astragalus","Astragalus qingheensis",1987
"Astragalus","Astragalus reticulatovenosus",1987
"Astragalus","Astragalus stridii",1987
"Astragalus","Astragalus vereskensis",1987
"Indigofera","Indigofera bancroftii",1987
"Indigofera","Indigofera gifbergensis",1987
"Indigofera","Indigofera ionii",1987
"Indigofera","Indigofera longicauda",1987
"Indigofera","Indigofera rubroglandulosa",1987
"Indigofera","Indigofera verruculosa",1987
"Oxytropis","Oxytropis auriculata",1987
"Oxytropis","Oxytropis barkultagi",1987
"Oxytropis","Oxytropis burchan-buddae",1987
"Oxytropis","Oxytropis dschagastaica",1987
"Oxytropis","Oxytropis dumbedanica",1987
"Oxytropis","Oxytropis kumbelica",1987
"Oxytropis","Oxytropis larionovii",1987
"Oxytropis","Oxytropis lavrenkoi",1987
"Oxytropis","Oxytropis taldycola",1987
"Oxytropis","Oxytropis valerii",1987
"Oxytropis","Oxytropis xinglongshanica",1987
"Acacia","Acacia undoolyana",1988
"Astragalus","Astragalus absentivus",1988
"Astragalus","Astragalus adulterinus",1988
"Astragalus","Astragalus albertshoferi",1988
"Astragalus","Astragalus archibaldii",1988
"Astragalus","Astragalus aspreticola",1988
"Astragalus","Astragalus babakhanloui",1988
"Astragalus","Astragalus basilicus",1988
"Astragalus","Astragalus bazmanicus",1988
"Astragalus","Astragalus belcheraghensis",1988
"Astragalus","Astragalus brotherusii",1988
"Astragalus","Astragalus calamistratus",1988
"Astragalus","Astragalus callainus",1988
"Astragalus","Astragalus catabostrychos",1988
"Astragalus","Astragalus cavanillesii",1988
"Astragalus","Astragalus damardanicus",1988
"Astragalus","Astragalus denticulatus",1988
"Astragalus","Astragalus doshman-ziariensis",1988
"Astragalus","Astragalus edmondsonii",1988
"Astragalus","Astragalus ekbergii",1988
"Astragalus","Astragalus erubescens",1988
"Astragalus","Astragalus eusarathron",1988
"Astragalus","Astragalus facetus",1988
"Astragalus","Astragalus facetus",1988
"Astragalus","Astragalus firuzkuhensis",1988
"Astragalus","Astragalus ghahremanii",1988
"Astragalus","Astragalus grey-wilsonianus",1988
"Astragalus","Astragalus hedgeanus",1988
"Astragalus","Astragalus herbertii",1988
"Astragalus","Astragalus ikonnikovii",1988
"Astragalus","Astragalus impexus",1988
"Astragalus","Astragalus inexpectatus",1988
"Astragalus","Astragalus inquilinus",1988
"Astragalus","Astragalus iranshahrii",1988
"Astragalus","Astragalus kamelinii",1988
"Astragalus","Astragalus kashafensis",1988
"Astragalus","Astragalus kirchhoffiae",1988
"Astragalus","Astragalus kukkonenii",1988
"Astragalus","Astragalus kunarensis",1988
"Astragalus","Astragalus lalandei",1988
"Astragalus","Astragalus lambinonii",1988
"Astragalus","Astragalus leonardii",1988
"Astragalus","Astragalus lepidus",1988
"Astragalus","Astragalus maassoumii",1988
"Astragalus","Astragalus magistratus",1988
"Astragalus","Astragalus memnonius",1988
"Astragalus","Astragalus mendocinus",1988
"Astragalus","Astragalus miralamensis",1988
"Astragalus","Astragalus nelidae",1988
"Astragalus","Astragalus neochorgosicus",1988
"Astragalus","Astragalus neomobayenii",1988
"Astragalus","Astragalus pakistanicus",1988
"Astragalus","Astragalus papillosus",1988
"Astragalus","Astragalus patrius",1988
"Astragalus","Astragalus pendulatopetalus",1988
"Astragalus","Astragalus perdurans",1988
"Astragalus","Astragalus perplexans",1988
"Astragalus","Astragalus pish-chakensis",1988
"Astragalus","Astragalus plagiophacos",1988
"Astragalus","Astragalus przhevalskianus",1988
"Astragalus","Astragalus pseudogompholobium",1988
"Astragalus","Astragalus pseudomultijugus",1988
"Astragalus","Astragalus pseudopellitus",1988
"Astragalus","Astragalus pseudotitovii",1988
"Astragalus","Astragalus pseudotomentellus",1988
"Astragalus","Astragalus rubrocalycinus",1988
"Astragalus","Astragalus sanandajianus",1988
"Astragalus","Astragalus sangcharakensis",1988
"Astragalus","Astragalus savellanicus",1988
"Astragalus","Astragalus schmidii",1988
"Astragalus","Astragalus semilunatus",1988
"Astragalus","Astragalus shatuensis",1988
"Astragalus","Astragalus simonii",1988
"Astragalus","Astragalus sojakii",1988
"Astragalus","Astragalus stepporum",1988
"Astragalus","Astragalus termeanus",1988
"Astragalus","Astragalus ziaratensis",1988
"Indigofera","Indigofera chitralensis",1988
"Indigofera","Indigofera gangetica",1988
"Oxytropis","Oxytropis andersii",1988
"Oxytropis","Oxytropis callophylla",1988
"Oxytropis","Oxytropis candolleorum",1988
"Oxytropis","Oxytropis hedgei",1988
"Oxytropis","Oxytropis khinjahi",1988
"Oxytropis","Oxytropis kumaonensis",1988
"Oxytropis","Oxytropis kunarensis",1988
"Oxytropis","Oxytropis laxiracemosa",1988
"Oxytropis","Oxytropis nanda-devi",1988
"Oxytropis","Oxytropis rhodontha",1988
"Oxytropis","Oxytropis ribumoo",1988
"Oxytropis","Oxytropis rudbariensis",1988
"Oxytropis","Oxytropis salicetorum",1988
"Oxytropis","Oxytropis sichuanica",1988
"Oxytropis","Oxytropis sinkiangensis",1988
"Oxytropis","Oxytropis tunnellii",1988
"Oxytropis","Oxytropis uniflora",1988
"Oxytropis","Oxytropis vositensis",1988
"Acacia","Acacia caerulescens",1989
"Acacia","Acacia veronica",1989
"Astragalus","Astragalus aridovallicola",1989
"Astragalus","Astragalus austrosachalinensis",1989
"Astragalus","Astragalus azizii",1989
"Astragalus","Astragalus baotouensis",1989
"Astragalus","Astragalus bashmensis",1989
"Astragalus","Astragalus changaicus",1989
"Astragalus","Astragalus dulungkiangensis",1989
"Astragalus","Astragalus geerwusuensis",1989
"Astragalus","Astragalus grubovii",1989
"Astragalus","Astragalus klementzii",1989
"Astragalus","Astragalus matiensis",1989
"Astragalus","Astragalus minutulus",1989
"Astragalus","Astragalus miyalomontis",1989
"Astragalus","Astragalus nenilinii",1989
"Astragalus","Astragalus nigrocarpus",1989
"Astragalus","Astragalus ordosicus",1989
"Astragalus","Astragalus penetratus",1989
"Astragalus","Astragalus regestus",1989
"Astragalus","Astragalus semicircularis",1989
"Astragalus","Astragalus tamiricus",1989
"Astragalus","Astragalus typhiformis",1989
"Astragalus","Astragalus vessaliae",1989
"Astragalus","Astragalus wolungensis",1989
"Crotalaria","Crotalaria allophylla",1989
"Crotalaria","Crotalaria intricata",1989
"Crotalaria","Crotalaria warfae",1989
"Indigofera","Indigofera ancistrocarpa",1989
"Indigofera","Indigofera curvirostrata",1989
"Indigofera","Indigofera hiranensis",1989
"Indigofera","Indigofera neosericopetala",1989
"Indigofera","Indigofera nugalensis",1989
"Indigofera","Indigofera pellucida",1989
"Indigofera","Indigofera sabulosa",1989
"Oxytropis","Oxytropis austrosachalinensis",1989
"Oxytropis","Oxytropis bajtulinii",1989
"Oxytropis","Oxytropis calcareorum",1989
"Oxytropis","Oxytropis helenae",1989
"Oxytropis","Oxytropis langshanica",1989
"Oxytropis","Oxytropis pseudocoerulea",1989
"Acacia","Acacia acrionastes",1990
"Acacia","Acacia ascendens",1990
"Acacia","Acacia awestoniana",1990
"Acacia","Acacia blayana",1990
"Acacia","Acacia brachypoda",1990
"Acacia","Acacia caesariata",1990
"Acacia","Acacia cassicula",1990
"Acacia","Acacia consobrina",1990
"Acacia","Acacia courtii",1990
"Acacia","Acacia cowaniana",1990
"Acacia","Acacia declinata",1990
"Acacia","Acacia hexaneura",1990
"Acacia","Acacia lanei",1990
"Acacia","Acacia lobulata",1990
"Acacia","Acacia mimica",1990
"Acacia","Acacia patagiata",1990
"Acacia","Acacia paula",1990
"Acacia","Acacia porcata",1990
"Acacia","Acacia praemorsa",1990
"Acacia","Acacia spongolitica",1990
"Acacia","Acacia torticarpa",1990
"Acacia","Acacia unguicula",1990
"Acacia","Acacia verricula",1990
"Astragalus","Astragalus baitagensis",1990
"Astragalus","Astragalus botryophorus",1990
"Astragalus","Astragalus chahartaghensis",1990
"Astragalus","Astragalus chubsugulicus",1990
"Astragalus","Astragalus expectatus",1990
"Astragalus","Astragalus granitovii",1990
"Astragalus","Astragalus interiectus",1990
"Astragalus","Astragalus kenteicus",1990
"Astragalus","Astragalus khajiboulaghensis",1990
"Astragalus","Astragalus koslovii",1990
"Astragalus","Astragalus nahavandicus",1990
"Astragalus","Astragalus pecten-erinis",1990
"Astragalus","Astragalus pecten-hystricis",1990
"Astragalus","Astragalus pseudotesticulatus",1990
"Astragalus","Astragalus pseudovulpinus",1990
"Astragalus","Astragalus rudolffii",1990
"Astragalus","Astragalus sanczirii",1990
"Astragalus","Astragalus urbanus",1990
"Astragalus","Astragalus urunguensis",1990
"Astragalus","Astragalus viridiflavus",1990
"Astragalus","Astragalus wilhelminae",1990
"Indigofera","Indigofera psammophila",1990
"Oxytropis","Oxytropis arystangalievii",1990
"Oxytropis","Oxytropis kaspensis",1990
"Oxytropis","Oxytropis shivae",1990
"Oxytropis","Oxytropis stenofoliola",1990
"Oxytropis","Oxytropis suprajenissejensis",1990
"Acacia","Acacia cangaiensis",1991
"Acacia","Acacia dangarensis",1991
"Acacia","Acacia minutifolia",1991
"Acacia","Acacia minutifolia",1991
"Acacia","Acacia tessellata",1991
"Astragalus","Astragalus belgheisicus",1991
"Astragalus","Astragalus birangiae",1991
"Astragalus","Astragalus canosus",1991
"Astragalus","Astragalus chamberlainianus",1991
"Astragalus","Astragalus daghdaghabadensis",1991
"Astragalus","Astragalus daqingshanicus",1991
"Astragalus","Astragalus glochidiatus",1991
"Astragalus","Astragalus minshanensis",1991
"Astragalus","Astragalus neobotschantzevii",1991
"Astragalus","Astragalus rudimentus",1991
"Astragalus","Astragalus turcicus",1991
"Astragalus","Astragalus zhouquinus",1991
"Crotalaria","Crotalaria camptosepala",1991
"Crotalaria","Crotalaria mudugensis",1991
"Mimosa","Mimosa ikondensis",1991
"Mimosa","Mimosa incarum",1991
"Mimosa","Mimosa mainaea",1991
"Mimosa","Mimosa paranapiacabae",1991
"Mimosa","Mimosa simplicissima",1991
"Acacia","Acacia alexandri",1992
"Acacia","Acacia aphanoclada",1992
"Acacia","Acacia arafurica",1992
"Acacia","Acacia brockii",1992
"Acacia","Acacia bulgaensis",1992
"Acacia","Acacia cataractae",1992
"Acacia","Acacia chartacea",1992
"Acacia","Acacia colei",1992
"Acacia","Acacia delicatula",1992
"Acacia","Acacia didyma",1992
"Acacia","Acacia gracilenta",1992
"Acacia","Acacia matthewii",1992
"Acacia","Acacia meiantha",1992
"Acacia","Acacia minyura",1992
"Acacia","Acacia paraneura",1992
"Acacia","Acacia pedleyi",1992
"Acacia","Acacia ryaniana",1992
"Acacia","Acacia startii",1992
"Acacia","Acacia synchronicia",1992
"Acacia","Acacia telmica",1992
"Astragalus","Astragalus dianat-nejadii",1992
"Astragalus","Astragalus kochakii",1992
"Indigofera","Indigofera bayensis",1992
"Indigofera","Indigofera elandsbergensis",1992
"Indigofera","Indigofera gypsacea",1992
"Indigofera","Indigofera karkarensis",1992
"Indigofera","Indigofera lughensis",1992
"Indigofera","Indigofera phymatodea",1992
"Indigofera","Indigofera scopiformis",1992
"Indigofera","Indigofera taiwaniana",1992
"Acacia","Acacia masliniana",1993
"Acacia","Acacia octonervia",1993
"Astragalus","Astragalus alamouticus",1993
"Astragalus","Astragalus ghashghaicus",1993
"Astragalus","Astragalus ghashghaicus",1993
"Astragalus","Astragalus jarmalii",1993
"Astragalus","Astragalus pseudomacrostachys",1993
"Astragalus","Astragalus pseudosinaicus",1993
"Astragalus","Astragalus pseudotortuosus",1993
"Astragalus","Astragalus rassulovae",1993
"Oxytropis","Oxytropis qilianshanica",1993
"Acacia","Acacia echinuliflora",1994
"Acacia","Acacia tolmerensis",1994
"Astragalus","Astragalus capax",1994
"Astragalus","Astragalus demonstratus",1994
"Astragalus","Astragalus expetitus",1994
"Astragalus","Astragalus ferruminatus",1994
"Astragalus","Astragalus fortuitus",1994
"Astragalus","Astragalus gypsocola",1994
"Astragalus","Astragalus leptynticus",1994
"Astragalus","Astragalus memoriosus",1994
"Astragalus","Astragalus pediculariformis",1994
"Astragalus","Astragalus platyfoliolatus",1994
"Astragalus","Astragalus terraccianoi",1994
"Astragalus","Astragalus thermensis",1994
"Astragalus","Astragalus tietziae",1994
"Indigofera","Indigofera bemarahaensis",1994
"Indigofera","Indigofera blaiseae",1994
"Indigofera","Indigofera bosseri",1994
"Indigofera","Indigofera haematica",1994
"Indigofera","Indigofera imerinensis",1994
"Indigofera","Indigofera itremoensis",1994
"Indigofera","Indigofera oxyrachis",1994
"Indigofera","Indigofera zornioides",1994
"Acacia","Acacia aemula",1995
"Acacia","Acacia ampliata",1995
"Acacia","Acacia amyctica",1995
"Acacia","Acacia anthochaera",1995
"Acacia","Acacia applanata",1995
"Acacia","Acacia aulacophylla",1995
"Acacia","Acacia bifaria",1995
"Acacia","Acacia brumalis",1995
"Acacia","Acacia carens",1995
"Acacia","Acacia cerastes",1995
"Acacia","Acacia chamaeleon",1995
"Acacia","Acacia clydonophora",1995
"Acacia","Acacia consanguinea",1995
"Acacia","Acacia cummingiana",1995
"Acacia","Acacia cylindrica",1995
"Acacia","Acacia demissa",1995
"Acacia","Acacia dissona",1995
"Acacia","Acacia disticha",1995
"Acacia","Acacia dorsenna",1995
"Acacia","Acacia durabilis",1995
"Acacia","Acacia epedunculata",1995
"Acacia","Acacia gelasina",1995
"Acacia","Acacia gibbosa",1995
"Acacia","Acacia hadrophylla",1995
"Acacia","Acacia heterochroa",1995
"Acacia","Acacia incongesta",1995
"Acacia","Acacia kalgoorliensis",1995
"Acacia","Acacia kenneallyi",1995
"Acacia","Acacia levata",1995
"Acacia","Acacia manipularis",1995
"Acacia","Acacia nivea",1995
"Acacia","Acacia obesa",1995
"Acacia","Acacia ophiolithica",1995
"Acacia","Acacia papulosa",1995
"Acacia","Acacia pterocaulon",1995
"Acacia","Acacia pygmaea",1995
"Acacia","Acacia repanda",1995
"Acacia","Acacia scleroclada",1995
"Acacia","Acacia singula",1995
"Acacia","Acacia subrigida",1995
"Acacia","Acacia undosa",1995
"Acacia","Acacia whibleyana",1995
"Acacia","Acacia wilcoxii",1995
"Acacia","Acacia xanthocarpa",1995
"Astragalus","Astragalus akmanii",1995
"Astragalus","Astragalus hyalolepidoides",1995
"Astragalus","Astragalus kunlunensis",1995
"Astragalus","Astragalus minhensis",1995
"Crotalaria","Crotalaria monophylla",1995
"Oxytropis","Oxytropis siziwangensis",1995
"Acacia","Acacia aureocrinita",1996
"Acacia","Acacia clandullensis",1996
"Acacia","Acacia cremiflora",1996
"Acacia","Acacia multistipulosa",1996
"Acacia","Acacia rigescens",1996
"Acacia","Acacia thomsonii",1996
"Astragalus","Astragalus arasbaranensis",1996
"Astragalus","Astragalus balkaricus",1996
"Astragalus","Astragalus burchan-buddaicus",1996
"Astragalus","Astragalus chehreganii",1996
"Astragalus","Astragalus kukunoricus",1996
"Astragalus","Astragalus latianicus",1996
"Astragalus","Astragalus longiracemosus",1996
"Astragalus","Astragalus luteiflorus",1996
"Astragalus","Astragalus maabudii",1996
"Astragalus","Astragalus petrovii",1996
"Astragalus","Astragalus sarzehensis",1996
"Astragalus","Astragalus valerii",1996
"Indigofera","Indigofera grandiflora",1996
"Indigofera","Indigofera rubromarginata",1996
"Indigofera","Indigofera sinuspersica",1996
"Lupinus","Lupinus anatolicus",1996
"Oxytropis","Oxytropis qinghaiensis",1996
"Acacia","Acacia elachantha",1997
"Astragalus","Astragalus drasianus",1997
"Astragalus","Astragalus guinanicus",1997
"Astragalus","Astragalus johnstonii",1997
"Astragalus","Astragalus maniaticus",1997
"Astragalus","Astragalus serpentinicola",1997
"Astragalus","Astragalus yangii",1997
"Indigofera","Indigofera jucunda",1997
"Indigofera","Indigofera rumphiensis",1997
"Oxytropis","Oxytropis guinanensis",1997
"Oxytropis","Oxytropis maduoensis",1997
"Oxytropis","Oxytropis maqinensis",1997
"Oxytropis","Oxytropis qingnanensis",1997
"Oxytropis","Oxytropis zekogensis",1997
"Acacia","Acacia williamsiana",1998
"Astragalus","Astragalus ahmad-parsae",1998
"Astragalus","Astragalus barboides",1998
"Astragalus","Astragalus beypazaricus",1998
"Astragalus","Astragalus dabanshanicus",1998
"Astragalus","Astragalus ekimii",1998
"Astragalus","Astragalus nigrifructus",1998
"Astragalus","Astragalus nydeggeri",1998
"Astragalus","Astragalus scapiger",1998
"Astragalus","Astragalus subcaracugensis",1998
"Indigofera","Indigofera pseudomoniliformis",1998
"Acacia","Acacia abbatiana",1999
"Acacia","Acacia acanthaster",1999
"Acacia","Acacia acoma",1999
"Acacia","Acacia aculeiformis",1999
"Acacia","Acacia adinophylla",1999
"Acacia","Acacia anasilla",1999
"Acacia","Acacia aprica",1999
"Acacia","Acacia arbiana",1999
"Acacia","Acacia arcuatilis",1999
"Acacia","Acacia argyrotricha",1999
"Acacia","Acacia aristulata",1999
"Acacia","Acacia asepala",1999
"Acacia","Acacia auratiflora",1999
"Acacia","Acacia auripila",1999
"Acacia","Acacia balsamea",1999
"Acacia","Acacia barakulensis",1999
"Acacia","Acacia blaxellii",1999
"Acacia","Acacia bracteolata",1999
"Acacia","Acacia burdekensis",1999
"Acacia","Acacia capillaris",1999
"Acacia","Acacia carnosula",1999
"Acacia","Acacia castanostegia",1999
"Acacia","Acacia cavealis",1999
"Acacia","Acacia chapmanii",1999
"Acacia","Acacia concolorans",1999
"Acacia","Acacia convallium",1999
"Acacia","Acacia cracentis",1999
"Acacia","Acacia crenulata",1999
"Acacia","Acacia cuneifolia",1999
"Acacia","Acacia deficiens",1999
"Acacia","Acacia diaphana",1999
"Acacia","Acacia diminuta",1999
"Acacia","Acacia donaldsonii",1999
"Acacia","Acacia ericksoniae",1999
"Acacia","Acacia errabunda",1999
"Acacia","Acacia euthyphylla",1999
"Acacia","Acacia evenulosa",1999
"Acacia","Acacia faucium",1999
"Acacia","Acacia filipes",1999
"Acacia","Acacia fodinalis",1999
"Acacia","Acacia formidabilis",1999
"Acacia","Acacia gemina",1999
"Acacia","Acacia glaucissima",1999
"Acacia","Acacia gloeotricha",1999
"Acacia","Acacia graniticola",1999
"Acacia","Acacia hendersonii",1999
"Acacia","Acacia hopperiana",1999
"Acacia","Acacia hypermeces",1999
"Acacia","Acacia hystrix",1999
"Acacia","Acacia imitans",1999
"Acacia","Acacia imparilis",1999
"Acacia","Acacia improcera",1999
"Acacia","Acacia incanicarpa",1999
"Acacia","Acacia isoneura",1999
"Acacia","Acacia johannis",1999
"Acacia","Acacia lacertensis",1999
"Acacia","Acacia lanceolata",1999
"Acacia","Acacia leptalea",1999
"Acacia","Acacia lirellata",1999
"Acacia","Acacia lullfitziorum",1999
"Acacia","Acacia mitodes",1999
"Acacia","Acacia mutabilis",1999
"Acacia","Acacia pedina",1999
"Acacia","Acacia pelophila",1999
"Acacia","Acacia pinguiculosa",1999
"Acacia","Acacia plautella",1999
"Acacia","Acacia profusa",1999
"Acacia","Acacia proiantha",1999
"Acacia","Acacia puncticulata",1999
"Acacia","Acacia pusilla",1999
"Acacia","Acacia quinquenervia",1999
"Acacia","Acacia recurvata",1999
"Acacia","Acacia repens",1999
"Acacia","Acacia resinosa",1999
"Acacia","Acacia rhamphophylla",1999
"Acacia","Acacia rostellata",1999
"Acacia","Acacia rubricola",1999
"Acacia","Acacia sabulosa",1999
"Acacia","Acacia scalena",1999
"Acacia","Acacia scopulorum",1999
"Acacia","Acacia smeringa",1999
"Acacia","Acacia solenota",1999
"Acacia","Acacia speckii",1999
"Acacia","Acacia sphenophylla",1999
"Acacia","Acacia subsessilis",1999
"Acacia","Acacia tetraneura",1999
"Acacia","Acacia tetraptera",1999
"Acacia","Acacia trinalis",1999
"Acacia","Acacia truculenta",1999
"Acacia","Acacia trulliformis",1999
"Acacia","Acacia tuberculata",1999
"Acacia","Acacia vittata",1999
"Acacia","Acacia wilsonii",1999
"Acacia","Acacia zatrichota",1999
"Astragalus","Astragalus akhanii",1999
"Astragalus","Astragalus altiusculus",1999
"Astragalus","Astragalus antalyensis",1999
"Astragalus","Astragalus avajensis",1999
"Astragalus","Astragalus bakirdaghensis",1999
"Astragalus","Astragalus bowes-lyonii",1999
"Astragalus","Astragalus cedreticola",1999
"Astragalus","Astragalus demirizii",1999
"Astragalus","Astragalus devesae",1999
"Astragalus","Astragalus diyarbakirensis",1999
"Astragalus","Astragalus fallacinus",1999
"Astragalus","Astragalus gigantirostratus",1999
"Astragalus","Astragalus gigantostegius",1999
"Astragalus","Astragalus gines-lopezii",1999
"Astragalus","Astragalus hakkariensis",1999
"Astragalus","Astragalus jacobsii",1999
"Astragalus","Astragalus kentrophyllus",1999
"Astragalus","Astragalus laconicus",1999
"Astragalus","Astragalus langtangensis",1999
"Astragalus","Astragalus longisubulatus",1999
"Astragalus","Astragalus longivexillatus",1999
"Astragalus","Astragalus malatyaensis",1999
"Astragalus","Astragalus mikrophytoides",1999
"Astragalus","Astragalus montis-varvashti",1999
"Astragalus","Astragalus nepalensis",1999
"Astragalus","Astragalus neyshaburensis",1999
"Astragalus","Astragalus nigdeanus",1999
"Astragalus","Astragalus nigrocalycinus",1999
"Astragalus","Astragalus pauxillis",1999
"Astragalus","Astragalus pereshkhoranicus",1999
"Astragalus","Astragalus pineticola",1999
"Astragalus","Astragalus polhillii",1999
"Astragalus","Astragalus subpenicillatus",1999
"Astragalus","Astragalus tetuanensis",1999
"Astragalus","Astragalus thomsonii",1999
"Astragalus","Astragalus tuna-ekimii",1999
"Astragalus","Astragalus villosulus",1999
"Oxytropis","Oxytropis azerbaijanica",1999
"Oxytropis","Oxytropis barkolensis",1999
"Oxytropis","Oxytropis kozhuharovii",1999
"Oxytropis","Oxytropis kungurensis",1999
"Oxytropis","Oxytropis pseudomyriophylla",1999
"Oxytropis","Oxytropis qitaiensis",1999
"Oxytropis","Oxytropis tudanensis",1999
"Oxytropis","Oxytropis tukemansuensis",1999
"Oxytropis","Oxytropis yanchiensis",1999
"Oxytropis","Oxytropis yekenensis",1999
"Acacia","Acacia celsa",2000
"Acacia","Acacia disparrima",2000
"Acacia","Acacia midgleyi",2000
"Astragalus","Astragalus aktiubensis",2000
"Astragalus","Astragalus austrouralensis",2000
"Astragalus","Astragalus jamzadiae",2000
"Astragalus","Astragalus khatamsaziae",2000
"Astragalus","Astragalus membranostipulus",2000
"Astragalus","Astragalus moussavii",2000
"Astragalus","Astragalus neomozaffarianii",2000
"Astragalus","Astragalus peymanii",2000
"Astragalus","Astragalus polystachys",2000
"Astragalus","Astragalus sumarensis",2000
"Mimosa","Mimosa dasilvae",2000
"Oxytropis","Oxytropis lanceatifoliola",2000
"Oxytropis","Oxytropis rautii",2000
"Oxytropis","Oxytropis tashkurensis",2000
"Acacia","Acacia amanda",2001
"Acacia","Acacia atopa",2001
"Acacia","Acacia atrox",2001
"Acacia","Acacia clelandii",2001
"Acacia","Acacia stellaticeps",2001
"Astragalus","Astragalus anguranensis",2001
"Astragalus","Astragalus argentocalyx",2001
"Astragalus","Astragalus austrotibetanus",2001
"Astragalus","Astragalus aytatchii",2001
"Astragalus","Astragalus bashmaghensis",2001
"Astragalus","Astragalus bozakmanii",2001
"Astragalus","Astragalus bradosticus",2001
"Astragalus","Astragalus cobresiiphilus",2001
"Astragalus","Astragalus conaensis",2001
"Astragalus","Astragalus cystosus",2001
"Astragalus","Astragalus damzungensis",2001
"Astragalus","Astragalus dickorei",2001
"Astragalus","Astragalus doabensis",2001
"Astragalus","Astragalus doghrunensis",2001
"Astragalus","Astragalus dumanii",2001
"Astragalus","Astragalus fruticulosus",2001
"Astragalus","Astragalus hesiensis",2001
"Astragalus","Astragalus hezarensis",2001
"Astragalus","Astragalus lanzhouensis",2001
"Astragalus","Astragalus marivanensis",2001
"Astragalus","Astragalus meimandicus",2001
"Astragalus","Astragalus olurensis",2001
"Astragalus","Astragalus owirensis",2001
"Astragalus","Astragalus pilutschensis",2001
"Astragalus","Astragalus poluninii",2001
"Astragalus","Astragalus pravitzii",2001
"Astragalus","Astragalus pseudopersicus",2001
"Astragalus","Astragalus pseudoroseus",2001
"Astragalus","Astragalus qoturensis",2001
"Astragalus","Astragalus recurvatus",2001
"Astragalus","Astragalus rhododendrophilus",2001
"Astragalus","Astragalus saadatabadensis",2001
"Astragalus","Astragalus sata-kandaoensis",2001
"Astragalus","Astragalus sherriffii",2001
"Astragalus","Astragalus spitzenbergeri",2001
"Astragalus","Astragalus tsangpoensis",2001
"Astragalus","Astragalus yilmazii",2001
"Astragalus","Astragalus zangooeianus",2001
"Astragalus","Astragalus zaraensis",2001
"Indigofera","Indigofera adenotricha",2001
"Oxytropis","Oxytropis baschkiriensis",2001
"Oxytropis","Oxytropis fragiliphylla",2001
"Oxytropis","Oxytropis kasakorum",2001
"Oxytropis","Oxytropis ponomarjevii",2001
"Oxytropis","Oxytropis pseudohirsuta",2001
"Oxytropis","Oxytropis sibajensis",2001
"Acacia","Acacia daviesii",2002
"Acacia","Acacia simmonsiana",2002
"Acacia","Acacia spooneri",2002
"Acacia","Acacia toondulya",2002
"Astragalus","Astragalus aberrans",2002
"Astragalus","Astragalus aliomranii",2002
"Astragalus","Astragalus bijarensis",2002
"Astragalus","Astragalus circumlacustris",2002
"Astragalus","Astragalus foliosus",2002
"Astragalus","Astragalus khokhrjakovii",2002
"Astragalus","Astragalus neomaassoumianus",2002
"Astragalus","Astragalus oropolitanus",2002
"Astragalus","Astragalus parvarensis",2002
"Astragalus","Astragalus rubicundus",2002
"Astragalus","Astragalus saremii",2002
"Astragalus","Astragalus shahsavarii",2002
"Astragalus","Astragalus storozhevae",2002
"Astragalus","Astragalus tuyehensis",2002
"Astragalus","Astragalus xerophiloides",2002
"Astragalus","Astragalus yildirimlii",2002
"Indigofera","Indigofera irodoensis",2002
"Indigofera","Indigofera suarezensis",2002
"Mimosa","Mimosa capuronii",2002
"Mimosa","Mimosa dumetaria",2002
"Mimosa","Mimosa haavoa",2002
"Mimosa","Mimosa hafomantsina",2002
"Mimosa","Mimosa kitrokala",2002
"Mimosa","Mimosa mahilakensis",2002
"Mimosa","Mimosa planitei",2002
"Mimosa","Mimosa rokatavensis",2002
"Mimosa","Mimosa savokaea",2002
"Mimosa","Mimosa volubilis",2002
"Oxytropis","Oxytropis qamdoensis",2002
"Acacia","Acacia areolata",2003
"Acacia","Acacia dissimilis",2003
"Acacia","Acacia seclusa",2003
"Astragalus","Astragalus abharensis",2003
"Astragalus","Astragalus akhundzadahensis",2003
"Astragalus","Astragalus altimontanus",2003
"Astragalus","Astragalus ammodendroides",2003
"Astragalus","Astragalus ashtianensis",2003
"Astragalus","Astragalus aznaicus",2003
"Astragalus","Astragalus bazarganii",2003
"Astragalus","Astragalus bejourensis",2003
"Astragalus","Astragalus belgheisicoides",2003
"Astragalus","Astragalus biarjmandicus",2003
"Astragalus","Astragalus bukanensis",2003
"Astragalus","Astragalus chichesticus",2003
"Astragalus","Astragalus ciceropsis",2003
"Astragalus","Astragalus clivicola",2003
"Astragalus","Astragalus crispus",2003
"Astragalus","Astragalus darrehbidensis",2003
"Astragalus","Astragalus ekicii",2003
"Astragalus","Astragalus ergenensis",2003
"Astragalus","Astragalus estahbanensis",2003
"Astragalus","Astragalus fagh-soleimanensis",2003
"Astragalus","Astragalus hajiabadensis",2003
"Astragalus","Astragalus hamzae",2003
"Astragalus","Astragalus hamzaoglui",2003
"Astragalus","Astragalus homandicus",2003
"Astragalus","Astragalus inaniae",2003
"Astragalus","Astragalus khadem-kandicus",2003
"Astragalus","Astragalus kiamaky-daghensis",2003
"Astragalus","Astragalus lacus-valashti",2003
"Astragalus","Astragalus lasiocalycinus",2003
"Astragalus","Astragalus maarofii",2003
"Astragalus","Astragalus markasicus",2003
"Astragalus","Astragalus mehrizianus",2003
"Astragalus","Astragalus neoassadianus",2003
"Astragalus","Astragalus nowroozii",2003
"Astragalus","Astragalus pakravaniae",2003
"Astragalus","Astragalus pileh-khasehensis",2003
"Astragalus","Astragalus pseudoarvatensis",2003
"Astragalus","Astragalus pseudorobustus",2003
"Astragalus","Astragalus reconditus",2003
"Astragalus","Astragalus runemarkii",2003
"Astragalus","Astragalus sabetii",2003
"Astragalus","Astragalus safavii",2003
"Astragalus","Astragalus sarabensis",2003
"Astragalus","Astragalus schmakovii",2003
"Astragalus","Astragalus semiromensis",2003
"Astragalus","Astragalus shabilensis",2003
"Astragalus","Astragalus shahinii",2003
"Astragalus","Astragalus siahcheshmehensis",2003
"Astragalus","Astragalus similissimus",2003
"Astragalus","Astragalus sisakhtianus",2003
"Astragalus","Astragalus sivendicus",2003
"Astragalus","Astragalus spachianiformis",2003
"Astragalus","Astragalus strictissimus",2003
"Astragalus","Astragalus subglaberrimus",2003
"Astragalus","Astragalus subhanensis",2003
"Astragalus","Astragalus tenuiramosus",2003
"Astragalus","Astragalus teskhemicus",2003
"Astragalus","Astragalus yumenensis",2003
"Astragalus","Astragalus zanjanensis",2003
"Astragalus","Astragalus zarreanus",2003
"Astragalus","Astragalus zoshkensis",2003
"Astragalus","Astragalus zurmatensis",2003
"Crotalaria","Crotalaria cupricola",2003
"Crotalaria","Crotalaria serpentinicola",2003
"Indigofera","Indigofera brachyphylla",2003
"Indigofera","Indigofera platyspira",2003
"Acacia","Acacia sporadica",2004
"Astragalus","Astragalus neosytinii",2004
"Astragalus","Astragalus ovabaghensis",2004
"Crotalaria","Crotalaria tiantaiensis",2004
"Indigofera","Indigofera ixocarpa",2004
"Indigofera","Indigofera petraea",2004
"Indigofera","Indigofera pilifera",2004
"Indigofera","Indigofera rupicola",2004
"Indigofera","Indigofera triflora",2004
"Oxytropis","Oxytropis lhasaensis",2004
"Oxytropis","Oxytropis xinglongshanica",2004
"Acacia","Acacia derwentiana",2005
"Astragalus","Astragalus abadehensis",2005
"Astragalus","Astragalus absconditus",2005
"Astragalus","Astragalus affinis",2005
"Astragalus","Astragalus ahangarensis",2005
"Astragalus","Astragalus anodiophilus",2005
"Astragalus","Astragalus assadabadensis",2005
"Astragalus","Astragalus baraftabensis",2005
"Astragalus","Astragalus bavanatensis",2005
"Astragalus","Astragalus brevicalycinus",2005
"Astragalus","Astragalus capitis-regni",2005
"Astragalus","Astragalus craccinopsis",2005
"Astragalus","Astragalus damghanensis",2005
"Astragalus","Astragalus dorudensis",2005
"Astragalus","Astragalus dysbatophilus",2005
"Astragalus","Astragalus ebrahimabadensis",2005
"Astragalus","Astragalus filifoliolatus",2005
"Astragalus","Astragalus garmashubensis",2005
"Astragalus","Astragalus gigantifoliolatus",2005
"Astragalus","Astragalus hajijafanensis",2005
"Astragalus","Astragalus harazensis",2005
"Astragalus","Astragalus harirudensis",2005
"Astragalus","Astragalus hecatae",2005
"Astragalus","Astragalus hekmat-safaviae",2005
"Astragalus","Astragalus ignotus",2005
"Astragalus","Astragalus inchebroonensis",2005
"Astragalus","Astragalus innotabilis",2005
"Astragalus","Astragalus jaskensis",2005
"Astragalus","Astragalus khajehensis",2005
"Astragalus","Astragalus khongensis",2005
"Astragalus","Astragalus khunsarensis",2005
"Astragalus","Astragalus magnibracteatus",2005
"Astragalus","Astragalus mahneshanensis",2005
"Astragalus","Astragalus meshkinensis",2005
"Astragalus","Astragalus montis-bakhtiari",2005
"Astragalus","Astragalus montis-parrowii",2005
"Astragalus","Astragalus nezaketiae",2005
"Astragalus","Astragalus ohbaensis",2005
"Astragalus","Astragalus olangensis",2005
"Astragalus","Astragalus oligoflorus",2005
"Astragalus","Astragalus pendulipodus",2005
"Astragalus","Astragalus pishanxianensis",2005
"Astragalus","Astragalus podoloboides",2005
"Astragalus","Astragalus protectus",2005
"Astragalus","Astragalus pseudonigrescens",2005
"Astragalus","Astragalus qaratchaicus",2005
"Astragalus","Astragalus qorvehensis",2005
"Astragalus","Astragalus rahiminejadii",2005
"Astragalus","Astragalus repentinus",2005
"Astragalus","Astragalus rubriphysa",2005
"Astragalus","Astragalus sanjappae",2005
"Astragalus","Astragalus segregatus",2005
"Astragalus","Astragalus sessiliflorus",2005
"Astragalus","Astragalus shehbazii",2005
"Astragalus","Astragalus shogotensis",2005
"Astragalus","Astragalus simakanensis",2005
"Astragalus","Astragalus subbrevidens",2005
"Astragalus","Astragalus subpentanthus",2005
"Astragalus","Astragalus swatensis",2005
"Astragalus","Astragalus sympileicalycinus",2005
"Astragalus","Astragalus taebiae",2005
"Astragalus","Astragalus tahbaziae",2005
"Astragalus","Astragalus tenuissimus",2005
"Astragalus","Astragalus vallis-astoris",2005
"Astragalus","Astragalus vicinalis",2005
"Astragalus","Astragalus visunicus",2005
"Oxytropis","Oxytropis shanxiensis",2005
"Oxytropis","Oxytropis wologdensis",2005
"Acacia","Acacia argentina",2006
"Acacia","Acacia beadleana",2006
"Acacia","Acacia burrana",2006
"Acacia","Acacia lumholtzii",2006
"Acacia","Acacia mariae",2006
"Acacia","Acacia rubricaulis",2006
"Acacia","Acacia splendens",2006
"Acacia","Acacia webbii",2006
"Astragalus","Astragalus babacianum",2006
"Astragalus","Astragalus gennarii",2006
"Astragalus","Astragalus greuteri",2006
"Astragalus","Astragalus kabutarlanensis",2006
"Astragalus","Astragalus kalatehensis",2006
"Astragalus","Astragalus uttaranchalensis",2006
"Crotalaria","Crotalaria aiantha",2006
"Crotalaria","Crotalaria luzoniensis",2006
"Acacia","Acacia burrowsiana",2007
"Acacia","Acacia cockertoniana",2007
"Acacia","Acacia graciliformis",2007
"Acacia","Acacia karina",2007
"Acacia","Acacia muriculata",2007
"Acacia","Acacia stanleyi",2007
"Acacia","Acacia synoria",2007
"Acacia","Acacia woodmaniorum",2007
"Astragalus","Astragalus sichuanensis",2007
"Acacia","Acacia infecunda",2008
"Acacia","Acacia nanopravissima",2008
"Acacia","Acacia tabula",2008
"Astragalus","Astragalus gamasiabensis",2008
"Astragalus","Astragalus kordloricus",2008
"Astragalus","Astragalus lateritiiformis",2008
"Astragalus","Astragalus sirjaevii",2008
"Astragalus","Astragalus townsendii",2008
"Astragalus","Astragalus vepres",2008
"Indigofera","Indigofera elachantha",2008
"Indigofera","Indigofera polyclada",2008
"Indigofera","Indigofera wannanii",2008
"Acacia","Acacia rostriformis",2009
"Acacia","Acacia stictophylla",2009
"Astragalus","Astragalus bouffordii",2009
"Astragalus","Astragalus chamardiensis",2009
"Astragalus","Astragalus ciloensis",2009
"Astragalus","Astragalus gandomanicus",2009
"Astragalus","Astragalus guzelsuensis",2009
"Astragalus","Astragalus haiyuanensis",2009
"Astragalus","Astragalus lobbichleri",2009
"Astragalus","Astragalus mekongensis",2009
"Astragalus","Astragalus neokarelinianus",2009
"Astragalus","Astragalus pseudomahoschanicus",2009
"Astragalus","Astragalus pseudorigidulus",2009
"Astragalus","Astragalus salavatabadensis",2009
"Crotalaria","Crotalaria inequalis",2009
"Astragalus","Astragalus beitashanensis",2010
"Astragalus","Astragalus khonikensis",2010
"Astragalus","Astragalus munzurensis",2010
"Astragalus","Astragalus qohestanicus",2010
"Astragalus","Astragalus tacorensis",2010
"Astragalus","Astragalus tegulensis",2010
"Indigofera","Indigofera cornuligera",2010
"Mimosa","Mimosa diminuta",2010
"Mimosa","Mimosa kalunga",2010
"Mimosa","Mimosa lamolina",2010
"Mimosa","Mimosa viperina",2010
"Astragalus","Astragalus baerlukensis",2011
"Astragalus","Astragalus barnasariformis",2011
"Astragalus","Astragalus fausicola",2011
"Astragalus","Astragalus ghamishluensis",2011
"Astragalus","Astragalus ilachchiensis",2011
"Astragalus","Astragalus montismishoudaghi",2011
"Astragalus","Astragalus pseudopinetorum",2011
"Astragalus","Astragalus salehabadensis",2011
"Astragalus","Astragalus torbathaydariyehensis",2011
"Crotalaria","Crotalaria namuliensis",2011
"Mimosa","Mimosa jaenensis",2011
"Acacia","Acacia aptaneura",2012
"Acacia","Acacia caesaneura",2012
"Acacia","Acacia fuscaneura",2012
"Acacia","Acacia incurvaneura",2012
"Acacia","Acacia macraneura",2012
"Acacia","Acacia mulganeura",2012
"Acacia","Acacia pteraneura",2012
"Astragalus","Astragalus argentophyllus",2012
"Astragalus","Astragalus dilutuloides",2012
"Astragalus","Astragalus khosrowabadensis",2012
"Astragalus","Astragalus margonensis",2012
"Astragalus","Astragalus mishodaghmontanus",2012
"Astragalus","Astragalus montis-queydari",2012
"Indigofera","Indigofera barotseensis",2012
"Indigofera","Indigofera chimanimaniensis",2012
"Indigofera","Indigofera erubescens",2012
"Indigofera","Indigofera fuscobarbata",2012
"Indigofera","Indigofera gobensis",2012
"Indigofera","Indigofera namuliensis",2012
"Indigofera","Indigofera pseudodemissa",2012
"Indigofera","Indigofera queenslandica",2012
"Indigofera","Indigofera robinsonii",2012
"Indigofera","Indigofera serpentinicola",2012
"Indigofera","Indigofera solirimae",2012
"Indigofera","Indigofera soutpansbergensis",2012
"Mimosa","Mimosa foreroana",2012
"Mimosa","Mimosa myrioglandulosa",2012
"Mimosa","Mimosa roseoalba",2012
"Mimosa","Mimosa trinerva",2012
"Mimosa","Mimosa tucumensis",2012
"Acacia","Acacia alaticaulis",2013
"Acacia","Acacia anastomosa",2013
"Acacia","Acacia anserina",2013
"Acacia","Acacia camptocarpa",2013
"Acacia","Acacia claviseta",2013
"Acacia","Acacia kulnurensis",2013
"Acacia","Acacia synantha",2013
"Astragalus","Astragalus andabilensis",2013
"Astragalus","Astragalus gabrelianae",2013
"Astragalus","Astragalus kamarinensis",2013
"Astragalus","Astragalus lenensis",2013
"Astragalus","Astragalus musaianus",2013
"Astragalus","Astragalus neoiranshahrii",2013
"Astragalus","Astragalus pseudocomosus",2013
"Astragalus","Astragalus savanatensis",2013
"Astragalus","Astragalus subaspadanus",2013
"Astragalus","Astragalus tekabensis",2013
"Astragalus","Astragalus yukselii",2013
"Crotalaria","Crotalaria tchibangensis",2013
"Indigofera","Indigofera himachalensis",2013
"Indigofera","Indigofera smitinandii",2013
"Indigofera","Indigofera udonthaniensis",2013
"Mimosa","Mimosa arturoana",2013
"Mimosa","Mimosa canastrensis",2013
"Mimosa","Mimosa chrysothrix",2013
"Mimosa","Mimosa decumbens",2013
"Mimosa","Mimosa eurystegia",2013
"Mimosa","Mimosa longistipula",2013
"Mimosa","Mimosa mitzi",2013
"Mimosa","Mimosa rubra",2013
"Mimosa","Mimosa sobralii",2013
"Mimosa","Mimosa urandiensis",2013
"Oxytropis","Oxytropis bakhtiarica",2013
"Oxytropis","Oxytropis compacta",2013
"Oxytropis","Oxytropis indurata",2013
"Oxytropis","Oxytropis javaherdehi",2013
"Oxytropis","Oxytropis kordkoyensis",2013
"Oxytropis","Oxytropis mahneshanensis",2013
"Oxytropis","Oxytropis pseudosuavis",2013
"Oxytropis","Oxytropis sabzavarensis",2013
"Oxytropis","Oxytropis salukensis",2013
"Oxytropis","Oxytropis sanjappae",2013
"Oxytropis","Oxytropis shahvarica",2013
"Oxytropis","Oxytropis sivehensis",2013
"Acacia","Acacia besleyi",2014
"Acacia","Acacia coatesii",2014
"Acacia","Acacia curryana",2014
"Acacia","Acacia dilloniorum",2014
"Acacia","Acacia doreta",2014
"Acacia","Acacia equisetifolia",2014
"Acacia","Acacia fraternalis",2014
"Acacia","Acacia haematites",2014
"Acacia","Acacia keigheryi",2014
"Acacia","Acacia kulinensis",2014
"Acacia","Acacia lapidosa",2014
"Acacia","Acacia mackenziei",2014
"Acacia","Acacia parkerae",2014
"Acacia","Acacia petricola",2014
"Acacia","Acacia shapelleae",2014
"Acacia","Acacia thieleana",2014
"Astragalus","Astragalus hakkianus",2014
"Astragalus","Astragalus makuensis",2014
"Astragalus","Astragalus martinii",2014
"Astragalus","Astragalus saidii",2014
"Astragalus","Astragalus saphronovae",2014
"Astragalus","Astragalus wulingensis",2014
"Mimosa","Mimosa perplicata",2014
"Mimosa","Mimosa porrecta",2014
"Mimosa","Mimosa serpensetosa",2014
"Mimosa","Mimosa sotoi",2014
"Acacia","Acacia yalwalensis",2015
"Astragalus","Astragalus animaqingshanicus",2015
"Astragalus","Astragalus bozghoushensis",2015
"Astragalus","Astragalus gandeensis",2015
"Astragalus","Astragalus guanajuatensis",2015
"Astragalus","Astragalus jigenensis",2015
"Astragalus","Astragalus magnibracteus",2015
"Astragalus","Astragalus majixueshanicus",2015
"Astragalus","Astragalus maquensis",2015
"Astragalus","Astragalus rytyensis",2015
"Astragalus","Astragalus turkman-chaiensis",2015
"Astragalus","Astragalus xijiangensis",2015
"Astragalus","Astragalus zaaminensis",2015
"Crotalaria","Crotalaria assadii",2015
"Indigofera","Indigofera asantasanensis",2015
"Indigofera","Indigofera magnifica",2015
"Indigofera","Indigofera pseudonigrescens",2015
"Oxytropis","Oxytropis anyemaqensis",2015
"Oxytropis","Oxytropis barunensis",2015
"Oxytropis","Oxytropis burhanbudaica",2015
"Oxytropis","Oxytropis datongensis",2015
"Oxytropis","Oxytropis gandeensis",2015
"Oxytropis","Oxytropis guilanica",2015
"Oxytropis","Oxytropis huashixiaensis",2015
"Oxytropis","Oxytropis qaidamensis",2015
"Oxytropis","Oxytropis xidatanensis",2015
"Oxytropis","Oxytropis xinghaiensis",2015
"Oxytropis","Oxytropis zadoiensis",2015
"Oxytropis","Oxytropis zaquensis",2015
"Astragalus","Astragalus kuldzhuktauense",2016
"Astragalus","Astragalus narmanicus",2016
"Astragalus","Astragalus remotispicatus",2016
"Astragalus","Astragalus skvortsovii",2016
"Astragalus","Astragalus unalii",2016
"Mimosa","Mimosa chiquitaniensis",2016
"Mimosa","Mimosa chochisensis",2016
"Mimosa","Mimosa dupuyana",2016
"Mimosa","Mimosa rastrera",2016
"Mimosa","Mimosa terribilis",2016
"Acacia","Acacia nicholsonensis",2017
"Astragalus","Astragalus chamanbidensis",2017
"Astragalus","Astragalus kelishomensis",2017
"Astragalus","Astragalus rijabensis",2017
"Indigofera","Indigofera floresii",2017
"Indigofera","Indigofera hirsutissima",2017
"Indigofera","Indigofera magallanesii",2017
"Indigofera","Indigofera sinaloensis",2017
"Mimosa","Mimosa osmarii",2017
"Astragalus","Astragalus alamkuhensis",2018
"Astragalus","Astragalus heterozyx",2018
"Astragalus","Astragalus ihsancalisii",2018
"Astragalus","Astragalus marzanabadensis",2018
"Astragalus","Astragalus montis-alamkuhi",2018
"Astragalus","Astragalus nuoergongensis",2018
"Astragalus","Astragalus rubicalyx",2018
"Astragalus","Astragalus shahsavaranicus",2018
"Astragalus","Astragalus tavakolii",2018
"Crotalaria","Crotalaria multibracteata",2018
"Crotalaria","Crotalaria suffruticosa",2018
"Indigofera","Indigofera uniseminalis",2018
"Lupinus","Lupinus luisanae",2018
"Oxytropis","Oxytropis ocrensis",2018
"Astragalus","Astragalus admirabilus",2019
"Astragalus","Astragalus blattneri",2019
"Astragalus","Astragalus pilosior",2019
"Crotalaria","Crotalaria kanchiana",2019
"Indigofera","Indigofera dumbeana",2019
"Indigofera","Indigofera monieriana",2019
"Indigofera","Indigofera thoothukudiensis",2019
"Mimosa","Mimosa baptistae",2019
"Mimosa","Mimosa cerifera",2019
"Mimosa","Mimosa schininii",2019
"Astragalus","Astragalus bartinense",2020
"Astragalus","Astragalus sagitticarpus",2020
"Astragalus","Astragalus shaerqinensis",2020
"Crotalaria","Crotalaria lidiae",2020
"Crotalaria","Crotalaria shrirangiana",2020
"Indigofera","Indigofera brennanii",2020
"Indigofera","Indigofera centralis",2020
"Indigofera","Indigofera fimbriolata",2020
"Indigofera","Indigofera yuanjiangensis",2020
"Mimosa","Mimosa carolina",2020
"Oxytropis","Oxytropis shennongjiaensis",2020
